{
    "type": "minecraft:block",
    "pools": [
        {
            "rolls": 1,
            "entries": [
                {
                    "type": "minecraft:item",
                    "name": "geodes:budding_emerald",
                    "conditions": [
                        {
                            "condition": "minecraft:match_tool",
                            "predicate": {
                                "enchantments": [
                                    {
                                        "enchantment": "minecraft:silk_touch"
                                    }
                                ]
                            }
                        }
                    ]
                }
            ]
        }
    ]
}